timeStamp,elapsed,label,responseCode,responseMessage,threadName,dataType,success,failureMessage,bytes,sentBytes,grpThreads,allThreads,URL,Latency,IdleTime,Connect
1718115021953,374,AdminLogin,200,OK,Thread Group 1-7,text,true,,4907,469,10,10,https://demo.opencart.com/admin/,361,0,37
1718115021650,819,AdminLogin,200,OK,Thread Group 1-4,text,true,,4907,469,10,10,https://demo.opencart.com/admin/,818,0,477
1718115021750,758,AdminLogin,200,OK,Thread Group 1-5,text,true,,4907,469,10,10,https://demo.opencart.com/admin/,564,0,187
1718115021444,1065,AdminLogin,200,OK,Thread Group 1-1,text,true,,4907,469,10,10,https://demo.opencart.com/admin/,871,0,493
1718115022248,397,AdminLogin,200,OK,Thread Group 1-10,text,true,,4907,469,10,10,https://demo.opencart.com/admin/,386,0,60
1718115021458,1390,AdminLogin,200,OK,Thread Group 1-2,text,true,,4907,469,10,10,https://demo.opencart.com/admin/,1389,0,1069
1718115021850,1044,AdminLogin,200,OK,Thread Group 1-6,text,true,,4912,469,10,10,https://demo.opencart.com/admin/,1043,0,721
1718115022048,1080,AdminLogin,200,OK,Thread Group 1-8,text,true,,4907,469,10,10,https://demo.opencart.com/admin/,1079,0,688
1718115021555,2815,AdminLogin,200,OK,Thread Group 1-3,text,true,,4907,469,10,10,https://demo.opencart.com/admin/,2814,0,2388
1718115022148,3556,AdminLogin,200,OK,Thread Group 1-9,text,true,,4907,469,10,10,https://demo.opencart.com/admin/,3555,0,691
1718115035166,329,Dashbord,200,OK,Thread Group 1-7,text,true,,5161,592,10,10,https://demo.opencart.com/admin/index.php?route=common%2Fdashboard&user_token=2a2d661c145c48a8cecb45233c14387b,328,0,0
1718115035292,391,Dashbord,200,OK,Thread Group 1-4,text,true,,5166,592,10,10,https://demo.opencart.com/admin/index.php?route=common%2Fdashboard&user_token=2a2d661c145c48a8cecb45233c14387b,389,0,0
1718115035333,350,Dashbord,200,OK,Thread Group 1-1,text,true,,5161,592,10,10,https://demo.opencart.com/admin/index.php?route=common%2Fdashboard&user_token=2a2d661c145c48a8cecb45233c14387b,348,0,0
1718115035332,351,Dashbord,200,OK,Thread Group 1-5,text,true,,5161,592,10,10,https://demo.opencart.com/admin/index.php?route=common%2Fdashboard&user_token=2a2d661c145c48a8cecb45233c14387b,349,0,0
1718115035468,329,Dashbord,200,OK,Thread Group 1-10,text,true,,5161,592,10,10,https://demo.opencart.com/admin/index.php?route=common%2Fdashboard&user_token=2a2d661c145c48a8cecb45233c14387b,327,0,0
1718115035672,323,Dashbord,200,OK,Thread Group 1-2,text,true,,5161,592,10,10,https://demo.opencart.com/admin/index.php?route=common%2Fdashboard&user_token=2a2d661c145c48a8cecb45233c14387b,322,0,0
1718115035718,326,Dashbord,200,OK,Thread Group 1-6,text,true,,5161,592,10,10,https://demo.opencart.com/admin/index.php?route=common%2Fdashboard&user_token=2a2d661c145c48a8cecb45233c14387b,325,0,0
1718115035953,378,Dashbord,200,OK,Thread Group 1-8,text,true,,5161,592,10,10,https://demo.opencart.com/admin/index.php?route=common%2Fdashboard&user_token=2a2d661c145c48a8cecb45233c14387b,376,0,0
1718115037196,322,Dashbord,200,OK,Thread Group 1-3,text,true,,5161,592,10,10,https://demo.opencart.com/admin/index.php?route=common%2Fdashboard&user_token=2a2d661c145c48a8cecb45233c14387b,322,0,0
1718115038527,334,Dashbord,200,OK,Thread Group 1-9,text,true,,5161,592,10,10,https://demo.opencart.com/admin/index.php?route=common%2Fdashboard&user_token=2a2d661c145c48a8cecb45233c14387b,333,0,0
1718115066074,364,Catagory,200,OK,Thread Group 1-7,text,true,,5161,592,10,10,https://demo.opencart.com/admin/index.php?route=catalog%2Fcategory&user_token=2a2d661c145c48a8cecb45233c14387b,364,0,0
1718115066258,346,Catagory,200,OK,Thread Group 1-1,text,true,,5166,592,10,10,https://demo.opencart.com/admin/index.php?route=catalog%2Fcategory&user_token=2a2d661c145c48a8cecb45233c14387b,345,0,0
1718115066258,349,Catagory,200,OK,Thread Group 1-5,text,true,,5161,592,10,10,https://demo.opencart.com/admin/index.php?route=catalog%2Fcategory&user_token=2a2d661c145c48a8cecb45233c14387b,348,0,0
1718115066257,354,Catagory,200,OK,Thread Group 1-4,text,true,,5161,592,10,10,https://demo.opencart.com/admin/index.php?route=catalog%2Fcategory&user_token=2a2d661c145c48a8cecb45233c14387b,353,0,0
1718115066370,334,Catagory,200,OK,Thread Group 1-10,text,true,,5161,592,10,10,https://demo.opencart.com/admin/index.php?route=catalog%2Fcategory&user_token=2a2d661c145c48a8cecb45233c14387b,334,0,0
1718115066569,345,Catagory,200,OK,Thread Group 1-2,text,true,,5161,592,10,10,https://demo.opencart.com/admin/index.php?route=catalog%2Fcategory&user_token=2a2d661c145c48a8cecb45233c14387b,344,0,0
1718115066618,345,Catagory,200,OK,Thread Group 1-6,text,true,,5161,592,10,10,https://demo.opencart.com/admin/index.php?route=catalog%2Fcategory&user_token=2a2d661c145c48a8cecb45233c14387b,344,0,0
1718115066905,351,Catagory,200,OK,Thread Group 1-8,text,true,,5161,592,10,10,https://demo.opencart.com/admin/index.php?route=catalog%2Fcategory&user_token=2a2d661c145c48a8cecb45233c14387b,349,0,0
1718115068091,393,Catagory,200,OK,Thread Group 1-3,text,true,,5166,592,10,10,https://demo.opencart.com/admin/index.php?route=catalog%2Fcategory&user_token=2a2d661c145c48a8cecb45233c14387b,392,0,0
1718115069445,370,Catagory,200,OK,Thread Group 1-9,text,true,,5161,592,10,10,https://demo.opencart.com/admin/index.php?route=catalog%2Fcategory&user_token=2a2d661c145c48a8cecb45233c14387b,369,0,0
1718115117716,359,DesignLayout,200,OK,Thread Group 1-4,text,true,,5158,589,10,10,https://demo.opencart.com/admin/index.php?route=design%2Flayout&user_token=2a2d661c145c48a8cecb45233c14387b,358,0,27
1718115021648,1923,Test,200,"Number of samples in transaction : 4, number of failing samples : 0",Thread Group 1-4,,true,,20392,2242,10,10,null,1918,94506,504
1718115117810,365,DesignLayout,200,OK,Thread Group 1-10,text,true,,5158,589,10,10,https://demo.opencart.com/admin/index.php?route=design%2Flayout&user_token=2a2d661c145c48a8cecb45233c14387b,365,0,26
1718115022245,1425,Test,200,"Number of samples in transaction : 4, number of failing samples : 0",Thread Group 1-10,,true,,20387,2242,10,10,null,1412,94507,86
1718115117709,564,DesignLayout,200,OK,Thread Group 1-1,text,true,,5158,589,10,10,https://demo.opencart.com/admin/index.php?route=design%2Flayout&user_token=2a2d661c145c48a8cecb45233c14387b,563,0,240
1718115021362,2325,Test,200,"Number of samples in transaction : 4, number of failing samples : 0",Thread Group 1-1,,true,,20392,2242,10,10,null,2127,94584,733
1718115117712,586,DesignLayout,200,OK,Thread Group 1-5,text,true,,5158,589,10,10,https://demo.opencart.com/admin/index.php?route=design%2Flayout&user_token=2a2d661c145c48a8cecb45233c14387b,358,0,27
1718115021748,2044,Test,200,"Number of samples in transaction : 4, number of failing samples : 0",Thread Group 1-5,,true,,20387,2242,10,10,null,1619,94508,214
1718115118018,358,DesignLayout,200,OK,Thread Group 1-2,text,true,,5158,589,10,10,https://demo.opencart.com/admin/index.php?route=design%2Flayout&user_token=2a2d661c145c48a8cecb45233c14387b,357,0,29
1718115021456,2416,Test,200,"Number of samples in transaction : 4, number of failing samples : 0",Thread Group 1-2,,true,,20387,2242,10,10,null,2412,94506,1098
1718115118079,319,AdminLogin,200,OK,Thread Group 1-4,text,true,,4907,469,10,10,https://demo.opencart.com/admin/,319,0,0
1718115118178,316,AdminLogin,200,OK,Thread Group 1-10,text,true,,4907,469,10,10,https://demo.opencart.com/admin/,316,0,0
1718115118276,318,AdminLogin,200,OK,Thread Group 1-1,text,true,,4907,469,10,10,https://demo.opencart.com/admin/,317,0,0
1718115117544,1065,DesignLayout,200,OK,Thread Group 1-7,text,true,,5158,589,10,10,https://demo.opencart.com/admin/index.php?route=design%2Flayout&user_token=2a2d661c145c48a8cecb45233c14387b,375,0,42
1718115021951,2132,Test,200,"Number of samples in transaction : 4, number of failing samples : 0",Thread Group 1-7,,true,,20387,2242,10,10,null,1428,94527,79
1718115118301,317,AdminLogin,200,OK,Thread Group 1-5,text,true,,4912,469,10,10,https://demo.opencart.com/admin/,316,0,0
1718115118380,324,AdminLogin,200,OK,Thread Group 1-2,text,true,,4907,469,10,10,https://demo.opencart.com/admin/,323,0,0
1718115118362,352,DesignLayout,200,OK,Thread Group 1-8,text,true,,5158,589,10,10,https://demo.opencart.com/admin/index.php?route=design%2Flayout&user_token=2a2d661c145c48a8cecb45233c14387b,352,0,27
1718115022046,2161,Test,200,"Number of samples in transaction : 4, number of failing samples : 0",Thread Group 1-8,,true,,20387,2242,10,10,null,2156,94509,715
1718115118612,354,AdminLogin,200,OK,Thread Group 1-7,text,true,,4907,469,10,10,https://demo.opencart.com/admin/,353,0,0
1718115118717,320,AdminLogin,200,OK,Thread Group 1-8,text,true,,4907,469,10,10,https://demo.opencart.com/admin/,319,0,0
1718115118067,1515,DesignLayout,200,OK,Thread Group 1-6,text,true,,5158,589,10,10,https://demo.opencart.com/admin/index.php?route=design%2Flayout&user_token=2a2d661c145c48a8cecb45233c14387b,1515,0,1038
1718115021848,3230,Test,200,"Number of samples in transaction : 4, number of failing samples : 0",Thread Group 1-6,,true,,20392,2242,10,10,null,3227,94506,1759
1718115119586,39,AdminLogin,429,Too Many Requests,Thread Group 1-6,text,false,,17193,469,10,10,https://demo.opencart.com/admin/,26,0,0
1718115119588,44,DesignLayout,429,Too Many Requests,Thread Group 1-3,text,false,,18605,589,10,10,https://demo.opencart.com/admin/index.php?route=design%2Flayout&user_token=2a2d661c145c48a8cecb45233c14387b,42,0,24
1718115021554,3574,Test,,"Number of samples in transaction : 4, number of failing samples : 1",Thread Group 1-3,,false,,33839,2242,10,10,null,3570,94505,2412
1718115119635,40,AdminLogin,429,Too Many Requests,Thread Group 1-3,text,false,,18047,469,10,10,https://demo.opencart.com/admin/,38,0,24
1718115120920,402,DesignLayout,200,OK,Thread Group 1-9,text,true,,5158,589,10,10,https://demo.opencart.com/admin/index.php?route=design%2Flayout&user_token=2a2d661c145c48a8cecb45233c14387b,402,0,22
1718115022146,4662,Test,200,"Number of samples in transaction : 4, number of failing samples : 0",Thread Group 1-9,,true,,20387,2242,10,10,null,4659,94518,713
1718115121327,405,AdminLogin,200,OK,Thread Group 1-9,text,true,,4907,469,10,10,https://demo.opencart.com/admin/,404,0,0
1718115131222,333,Dashbord,200,OK,Thread Group 1-4,text,true,,5161,592,10,10,https://demo.opencart.com/admin/index.php?route=common%2Fdashboard&user_token=2a2d661c145c48a8cecb45233c14387b,327,0,0
1718115131319,326,Dashbord,200,OK,Thread Group 1-10,text,true,,5166,592,10,10,https://demo.opencart.com/admin/index.php?route=common%2Fdashboard&user_token=2a2d661c145c48a8cecb45233c14387b,323,0,0
1718115131418,324,Dashbord,200,OK,Thread Group 1-1,text,true,,5161,592,10,10,https://demo.opencart.com/admin/index.php?route=common%2Fdashboard&user_token=2a2d661c145c48a8cecb45233c14387b,324,0,0
1718115131443,318,Dashbord,200,OK,Thread Group 1-5,text,true,,5161,592,10,10,https://demo.opencart.com/admin/index.php?route=common%2Fdashboard&user_token=2a2d661c145c48a8cecb45233c14387b,317,0,0
1718115131528,323,Dashbord,200,OK,Thread Group 1-2,text,true,,5161,592,10,10,https://demo.opencart.com/admin/index.php?route=common%2Fdashboard&user_token=2a2d661c145c48a8cecb45233c14387b,322,0,0
1718115131789,385,Dashbord,200,OK,Thread Group 1-7,text,true,,5161,592,10,10,https://demo.opencart.com/admin/index.php?route=common%2Fdashboard&user_token=2a2d661c145c48a8cecb45233c14387b,385,0,0
1718115131861,337,Dashbord,200,OK,Thread Group 1-8,text,true,,5166,592,10,10,https://demo.opencart.com/admin/index.php?route=common%2Fdashboard&user_token=2a2d661c145c48a8cecb45233c14387b,330,0,0
1718115132497,370,Dashbord,200,OK,Thread Group 1-3,text,true,,5161,547,10,10,https://demo.opencart.com/admin/index.php?route=common%2Fdashboard&user_token=2a2d661c145c48a8cecb45233c14387b,369,0,30
1718115132449,751,Dashbord,200,OK,Thread Group 1-6,text,true,,5161,547,10,10,https://demo.opencart.com/admin/index.php?route=common%2Fdashboard&user_token=2a2d661c145c48a8cecb45233c14387b,750,0,343
1718115134556,383,Dashbord,200,OK,Thread Group 1-9,text,true,,5161,592,10,10,https://demo.opencart.com/admin/index.php?route=common%2Fdashboard&user_token=2a2d661c145c48a8cecb45233c14387b,383,0,0
1718115162128,348,Catagory,200,OK,Thread Group 1-4,text,true,,5161,592,10,10,https://demo.opencart.com/admin/index.php?route=catalog%2Fcategory&user_token=2a2d661c145c48a8cecb45233c14387b,348,0,0
1718115162224,339,Catagory,200,OK,Thread Group 1-10,text,true,,5161,592,10,10,https://demo.opencart.com/admin/index.php?route=catalog%2Fcategory&user_token=2a2d661c145c48a8cecb45233c14387b,339,0,0
1718115162318,336,Catagory,200,OK,Thread Group 1-1,text,true,,5161,592,10,10,https://demo.opencart.com/admin/index.php?route=catalog%2Fcategory&user_token=2a2d661c145c48a8cecb45233c14387b,335,0,0
1718115162334,398,Catagory,200,OK,Thread Group 1-5,text,true,,5161,592,10,10,https://demo.opencart.com/admin/index.php?route=catalog%2Fcategory&user_token=2a2d661c145c48a8cecb45233c14387b,397,0,0
1718115162425,338,Catagory,200,OK,Thread Group 1-2,text,true,,5161,592,10,10,https://demo.opencart.com/admin/index.php?route=catalog%2Fcategory&user_token=2a2d661c145c48a8cecb45233c14387b,337,0,0
1718115162748,354,Catagory,200,OK,Thread Group 1-7,text,true,,5161,592,10,10,https://demo.opencart.com/admin/index.php?route=catalog%2Fcategory&user_token=2a2d661c145c48a8cecb45233c14387b,353,0,0
1718115162771,334,Catagory,200,OK,Thread Group 1-8,text,true,,5161,592,10,10,https://demo.opencart.com/admin/index.php?route=catalog%2Fcategory&user_token=2a2d661c145c48a8cecb45233c14387b,334,0,0
1718115163439,343,Catagory,200,OK,Thread Group 1-3,text,true,,5161,592,10,10,https://demo.opencart.com/admin/index.php?route=catalog%2Fcategory&user_token=2a2d661c145c48a8cecb45233c14387b,342,0,0
1718115163773,335,Catagory,200,OK,Thread Group 1-6,text,true,,5166,592,10,10,https://demo.opencart.com/admin/index.php?route=catalog%2Fcategory&user_token=2a2d661c145c48a8cecb45233c14387b,334,0,0
1718115165513,351,Catagory,200,OK,Thread Group 1-9,text,true,,5161,592,10,10,https://demo.opencart.com/admin/index.php?route=catalog%2Fcategory&user_token=2a2d661c145c48a8cecb45233c14387b,351,0,0
1718115213581,394,DesignLayout,200,OK,Thread Group 1-4,text,true,,5158,589,10,10,https://demo.opencart.com/admin/index.php?route=design%2Flayout&user_token=2a2d661c145c48a8cecb45233c14387b,394,0,69
1718115118078,1394,Test,200,"Number of samples in transaction : 4, number of failing samples : 0",Thread Group 1-4,,true,,20387,2242,10,10,null,1388,94507,69
1718115213667,342,DesignLayout,200,OK,Thread Group 1-10,text,true,,5158,589,10,10,https://demo.opencart.com/admin/index.php?route=design%2Flayout&user_token=2a2d661c145c48a8cecb45233c14387b,342,0,22
1718115118177,1323,Test,200,"Number of samples in transaction : 4, number of failing samples : 0",Thread Group 1-10,,true,,20392,2242,10,10,null,1320,94511,22
1718115213758,336,DesignLayout,200,OK,Thread Group 1-1,text,true,,5158,589,10,10,https://demo.opencart.com/admin/index.php?route=design%2Flayout&user_token=2a2d661c145c48a8cecb45233c14387b,336,0,17
1718115118275,1314,Test,200,"Number of samples in transaction : 4, number of failing samples : 0",Thread Group 1-1,,true,,20387,2242,10,10,null,1312,94508,17
1718115213837,338,DesignLayout,200,OK,Thread Group 1-5,text,true,,5158,589,10,10,https://demo.opencart.com/admin/index.php?route=design%2Flayout&user_token=2a2d661c145c48a8cecb45233c14387b,338,0,16
1718115118300,1371,Test,200,"Number of samples in transaction : 4, number of failing samples : 0",Thread Group 1-5,,true,,20392,2242,10,10,null,1368,94507,16
1718115213866,353,DesignLayout,200,OK,Thread Group 1-2,text,true,,5158,589,10,10,https://demo.opencart.com/admin/index.php?route=design%2Flayout&user_token=2a2d661c145c48a8cecb45233c14387b,353,0,18
1718115118378,1338,Test,200,"Number of samples in transaction : 4, number of failing samples : 0",Thread Group 1-2,,true,,20387,2242,10,10,null,1335,94505,18
1718115213981,321,AdminLogin,200,OK,Thread Group 1-4,text,true,,4907,469,10,10,https://demo.opencart.com/admin/,320,0,0
1718115214011,319,AdminLogin,200,OK,Thread Group 1-10,text,true,,4907,469,10,10,https://demo.opencart.com/admin/,319,0,0
1718115214097,316,AdminLogin,200,OK,Thread Group 1-1,text,true,,4907,469,10,10,https://demo.opencart.com/admin/,315,0,0
1718115214178,322,AdminLogin,200,OK,Thread Group 1-5,text,true,,4907,469,10,10,https://demo.opencart.com/admin/,322,0,0
1718115214221,322,AdminLogin,200,OK,Thread Group 1-2,text,true,,4907,469,10,10,https://demo.opencart.com/admin/,321,0,0
1718115214207,366,DesignLayout,200,OK,Thread Group 1-7,text,true,,5158,589,10,10,https://demo.opencart.com/admin/index.php?route=design%2Flayout&user_token=2a2d661c145c48a8cecb45233c14387b,366,0,28
1718115118611,1459,Test,200,"Number of samples in transaction : 4, number of failing samples : 0",Thread Group 1-7,,true,,20387,2242,10,10,null,1457,94506,28
1718115214577,323,AdminLogin,200,OK,Thread Group 1-7,text,true,,4907,469,10,10,https://demo.opencart.com/admin/,323,0,0
1718115214210,1023,DesignLayout,200,OK,Thread Group 1-8,text,true,,5158,589,10,10,https://demo.opencart.com/admin/index.php?route=design%2Flayout&user_token=2a2d661c145c48a8cecb45233c14387b,363,0,25
1718115118716,2014,Test,200,"Number of samples in transaction : 4, number of failing samples : 0",Thread Group 1-8,,true,,20392,2242,10,10,null,1346,94505,25
1718115214885,354,DesignLayout,200,OK,Thread Group 1-3,text,true,,5158,589,10,10,https://demo.opencart.com/admin/index.php?route=design%2Flayout&user_token=2a2d661c145c48a8cecb45233c14387b,351,0,25
1718115119634,1107,Test,,"Number of samples in transaction : 4, number of failing samples : 1",Thread Group 1-3,,false,,33527,2197,10,10,null,1100,94500,79
1718115215211,40,DesignLayout,429,Too Many Requests,Thread Group 1-6,text,false,,18585,589,10,10,https://demo.opencart.com/admin/index.php?route=design%2Flayout&user_token=2a2d661c145c48a8cecb45233c14387b,38,0,26
1718115119584,1165,Test,,"Number of samples in transaction : 4, number of failing samples : 2",Thread Group 1-6,,false,,46105,2197,10,10,null,1148,94504,369
1718115215242,244,AdminLogin,429,Too Many Requests,Thread Group 1-3,text,false,,17172,469,10,10,https://demo.opencart.com/admin/,15,0,0
1718115215235,598,AdminLogin,200,OK,Thread Group 1-8,text,true,,4907,469,10,10,https://demo.opencart.com/admin/,323,0,0
1718115215254,1044,AdminLogin,429,Too Many Requests,Thread Group 1-6,text,false,,18025,469,10,10,https://demo.opencart.com/admin/,1042,0,1031
1718115216968,46,DesignLayout,429,Too Many Requests,Thread Group 1-9,text,false,,18585,589,10,10,https://demo.opencart.com/admin/index.php?route=design%2Flayout&user_token=2a2d661c145c48a8cecb45233c14387b,44,0,25
1718115121327,1185,Test,,"Number of samples in transaction : 4, number of failing samples : 1",Thread Group 1-9,,false,,33814,2242,10,10,null,1182,94504,25
1718115217016,50,AdminLogin,429,Too Many Requests,Thread Group 1-9,text,false,,18025,469,10,10,https://demo.opencart.com/admin/,49,0,30
1718115227127,332,Dashbord,200,OK,Thread Group 1-4,text,true,,5166,592,10,10,https://demo.opencart.com/admin/index.php?route=common%2Fdashboard&user_token=2a2d661c145c48a8cecb45233c14387b,331,0,0
1718115227156,325,Dashbord,200,OK,Thread Group 1-10,text,true,,5161,592,10,10,https://demo.opencart.com/admin/index.php?route=common%2Fdashboard&user_token=2a2d661c145c48a8cecb45233c14387b,324,0,0
1718115227238,324,Dashbord,200,OK,Thread Group 1-1,text,true,,5161,592,10,10,https://demo.opencart.com/admin/index.php?route=common%2Fdashboard&user_token=2a2d661c145c48a8cecb45233c14387b,324,0,0
1718115227326,349,Dashbord,200,OK,Thread Group 1-5,text,true,,5161,592,10,10,https://demo.opencart.com/admin/index.php?route=common%2Fdashboard&user_token=2a2d661c145c48a8cecb45233c14387b,325,0,0
1718115227368,322,Dashbord,200,OK,Thread Group 1-2,text,true,,5161,592,10,10,https://demo.opencart.com/admin/index.php?route=common%2Fdashboard&user_token=2a2d661c145c48a8cecb45233c14387b,322,0,0
1718115227725,399,Dashbord,200,OK,Thread Group 1-7,text,true,,5161,592,10,10,https://demo.opencart.com/admin/index.php?route=common%2Fdashboard&user_token=2a2d661c145c48a8cecb45233c14387b,399,0,0
1718115228312,355,Dashbord,200,OK,Thread Group 1-3,text,true,,5161,547,10,10,https://demo.opencart.com/admin/index.php?route=common%2Fdashboard&user_token=2a2d661c145c48a8cecb45233c14387b,355,0,23
1718115228659,388,Dashbord,200,OK,Thread Group 1-8,text,true,,5166,592,10,10,https://demo.opencart.com/admin/index.php?route=common%2Fdashboard&user_token=2a2d661c145c48a8cecb45233c14387b,387,0,0
1718115229122,437,Dashbord,200,OK,Thread Group 1-6,text,true,,5161,547,10,10,https://demo.opencart.com/admin/index.php?route=common%2Fdashboard&user_token=2a2d661c145c48a8cecb45233c14387b,436,0,28
1718115229890,376,Dashbord,200,OK,Thread Group 1-9,text,true,,5166,547,10,10,https://demo.opencart.com/admin/index.php?route=common%2Fdashboard&user_token=2a2d661c145c48a8cecb45233c14387b,376,0,19
1718115258052,349,Catagory,200,OK,Thread Group 1-10,text,true,,5161,592,10,10,https://demo.opencart.com/admin/index.php?route=catalog%2Fcategory&user_token=2a2d661c145c48a8cecb45233c14387b,348,0,0
1718115258033,385,Catagory,200,OK,Thread Group 1-4,text,true,,5161,592,10,10,https://demo.opencart.com/admin/index.php?route=catalog%2Fcategory&user_token=2a2d661c145c48a8cecb45233c14387b,361,0,0
1718115258135,329,Catagory,200,OK,Thread Group 1-1,text,true,,5161,592,10,10,https://demo.opencart.com/admin/index.php?route=catalog%2Fcategory&user_token=2a2d661c145c48a8cecb45233c14387b,328,0,0
1718115258262,444,Catagory,200,OK,Thread Group 1-2,text,true,,5161,592,10,10,https://demo.opencart.com/admin/index.php?route=catalog%2Fcategory&user_token=2a2d661c145c48a8cecb45233c14387b,443,0,0
1718115258248,458,Catagory,200,OK,Thread Group 1-5,text,true,,5161,592,10,10,https://demo.opencart.com/admin/index.php?route=catalog%2Fcategory&user_token=2a2d661c145c48a8cecb45233c14387b,457,0,0
1718115258697,353,Catagory,200,OK,Thread Group 1-7,text,true,,5161,592,10,10,https://demo.opencart.com/admin/index.php?route=catalog%2Fcategory&user_token=2a2d661c145c48a8cecb45233c14387b,352,0,0
1718115259239,384,Catagory,200,OK,Thread Group 1-3,text,true,,5161,592,10,10,https://demo.opencart.com/admin/index.php?route=catalog%2Fcategory&user_token=2a2d661c145c48a8cecb45233c14387b,384,0,0
1718115259619,350,Catagory,200,OK,Thread Group 1-8,text,true,,5166,592,10,10,https://demo.opencart.com/admin/index.php?route=catalog%2Fcategory&user_token=2a2d661c145c48a8cecb45233c14387b,350,0,0
1718115260133,321,Catagory,200,OK,Thread Group 1-6,text,true,,5161,592,10,10,https://demo.opencart.com/admin/index.php?route=catalog%2Fcategory&user_token=2a2d661c145c48a8cecb45233c14387b,321,0,0
1718115260842,358,Catagory,200,OK,Thread Group 1-9,text,true,,5166,592,10,10,https://demo.opencart.com/admin/index.php?route=catalog%2Fcategory&user_token=2a2d661c145c48a8cecb45233c14387b,358,0,0
1718115309507,359,DesignLayout,200,OK,Thread Group 1-10,text,true,,5158,589,10,10,https://demo.opencart.com/admin/index.php?route=design%2Flayout&user_token=2a2d661c145c48a8cecb45233c14387b,359,0,34
1718115214010,1352,Test,200,"Number of samples in transaction : 4, number of failing samples : 0",Thread Group 1-10,,true,,20387,2242,10,10,null,1350,94506,34
1718115309527,360,DesignLayout,200,OK,Thread Group 1-4,text,true,,5158,589,10,10,https://demo.opencart.com/admin/index.php?route=design%2Flayout&user_token=2a2d661c145c48a8cecb45233c14387b,359,0,29
1718115213979,1398,Test,200,"Number of samples in transaction : 4, number of failing samples : 0",Thread Group 1-4,,true,,20392,2242,10,10,null,1371,94512,29
1718115309572,369,DesignLayout,200,OK,Thread Group 1-1,text,true,,5158,589,10,10,https://demo.opencart.com/admin/index.php?route=design%2Flayout&user_token=2a2d661c145c48a8cecb45233c14387b,369,0,35
1718115214096,1338,Test,200,"Number of samples in transaction : 4, number of failing samples : 0",Thread Group 1-1,,true,,20387,2242,10,10,null,1336,94508,35
1718115309810,362,DesignLayout,200,OK,Thread Group 1-2,text,true,,5158,589,10,10,https://demo.opencart.com/admin/index.php?route=design%2Flayout&user_token=2a2d661c145c48a8cecb45233c14387b,362,0,30
1718115309810,361,DesignLayout,200,OK,Thread Group 1-5,text,true,,5158,589,10,10,https://demo.opencart.com/admin/index.php?route=design%2Flayout&user_token=2a2d661c145c48a8cecb45233c14387b,361,0,29
1718115214220,1450,Test,200,"Number of samples in transaction : 4, number of failing samples : 0",Thread Group 1-2,,true,,20387,2242,10,10,null,1448,94504,30
1718115214177,1490,Test,200,"Number of samples in transaction : 4, number of failing samples : 0",Thread Group 1-5,,true,,20387,2242,10,10,null,1465,94507,29
1718115309871,317,AdminLogin,200,OK,Thread Group 1-10,text,true,,4912,469,10,10,https://demo.opencart.com/admin/,316,0,0
1718115309891,321,AdminLogin,200,OK,Thread Group 1-4,text,true,,4907,469,10,10,https://demo.opencart.com/admin/,320,0,0
1718115309943,322,AdminLogin,200,OK,Thread Group 1-1,text,true,,4907,469,10,10,https://demo.opencart.com/admin/,321,0,0
1718115310177,318,AdminLogin,200,OK,Thread Group 1-5,text,true,,4907,469,10,10,https://demo.opencart.com/admin/,317,0,0
1718115310177,330,AdminLogin,200,OK,Thread Group 1-2,text,true,,4907,469,10,10,https://demo.opencart.com/admin/,329,0,0
1718115310155,363,DesignLayout,200,OK,Thread Group 1-7,text,true,,5158,589,10,10,https://demo.opencart.com/admin/index.php?route=design%2Flayout&user_token=2a2d661c145c48a8cecb45233c14387b,362,0,31
1718115214575,1438,Test,200,"Number of samples in transaction : 4, number of failing samples : 0",Thread Group 1-7,,true,,20387,2242,10,10,null,1436,94506,31
1718115310520,319,AdminLogin,200,OK,Thread Group 1-7,text,true,,4907,469,10,10,https://demo.opencart.com/admin/,319,0,0
1718115310727,354,DesignLayout,200,OK,Thread Group 1-3,text,true,,5158,589,10,10,https://demo.opencart.com/admin/index.php?route=design%2Flayout&user_token=2a2d661c145c48a8cecb45233c14387b,353,0,17
1718115215241,1337,Test,,"Number of samples in transaction : 4, number of failing samples : 1",Thread Group 1-3,,false,,32652,2197,10,10,null,1107,94505,40
1718115311086,394,AdminLogin,200,OK,Thread Group 1-3,text,true,,4907,469,10,10,https://demo.opencart.com/admin/,394,0,0
1718115311074,411,DesignLayout,200,OK,Thread Group 1-8,text,true,,5158,589,10,10,https://demo.opencart.com/admin/index.php?route=design%2Flayout&user_token=2a2d661c145c48a8cecb45233c14387b,410,0,28
1718115215234,1747,Test,200,"Number of samples in transaction : 4, number of failing samples : 0",Thread Group 1-8,,true,,20397,2242,10,10,null,1470,94506,28
1718115311558,59,DesignLayout,429,Too Many Requests,Thread Group 1-6,text,false,,18585,589,10,10,https://demo.opencart.com/admin/index.php?route=design%2Flayout&user_token=2a2d661c145c48a8cecb45233c14387b,56,0,37
1718115215252,1861,Test,,"Number of samples in transaction : 4, number of failing samples : 2",Thread Group 1-6,,false,,46932,2197,10,10,null,1855,94506,1096
1718115311622,64,AdminLogin,429,Too Many Requests,Thread Group 1-6,text,false,,18004,469,10,10,https://demo.opencart.com/admin/,60,0,44
1718115311491,395,AdminLogin,200,OK,Thread Group 1-8,text,true,,4907,469,10,10,https://demo.opencart.com/admin/,394,0,0
1718115312306,37,DesignLayout,429,Too Many Requests,Thread Group 1-9,text,false,,18585,589,10,10,https://demo.opencart.com/admin/index.php?route=design%2Flayout&user_token=2a2d661c145c48a8cecb45233c14387b,35,0,23
1718115217015,821,Test,,"Number of samples in transaction : 4, number of failing samples : 2",Thread Group 1-9,,false,,46942,2197,10,10,null,818,94506,72
1718115312344,34,AdminLogin,429,Too Many Requests,Thread Group 1-9,text,false,,18025,469,10,10,https://demo.opencart.com/admin/,33,0,22
1718115323016,325,Dashbord,200,OK,Thread Group 1-10,text,true,,5161,592,10,10,https://demo.opencart.com/admin/index.php?route=common%2Fdashboard&user_token=2a2d661c145c48a8cecb45233c14387b,324,0,0
1718115323036,323,Dashbord,200,OK,Thread Group 1-4,text,true,,5166,592,10,10,https://demo.opencart.com/admin/index.php?route=common%2Fdashboard&user_token=2a2d661c145c48a8cecb45233c14387b,322,0,0
1718115323089,316,Dashbord,200,OK,Thread Group 1-1,text,true,,5161,592,10,10,https://demo.opencart.com/admin/index.php?route=common%2Fdashboard&user_token=2a2d661c145c48a8cecb45233c14387b,316,0,0
1718115323329,334,Dashbord,200,OK,Thread Group 1-2,text,true,,5161,592,10,10,https://demo.opencart.com/admin/index.php?route=common%2Fdashboard&user_token=2a2d661c145c48a8cecb45233c14387b,334,0,0
1718115323319,344,Dashbord,200,OK,Thread Group 1-5,text,true,,5161,592,10,10,https://demo.opencart.com/admin/index.php?route=common%2Fdashboard&user_token=2a2d661c145c48a8cecb45233c14387b,344,0,0
1718115323663,326,Dashbord,200,OK,Thread Group 1-7,text,true,,5161,592,10,10,https://demo.opencart.com/admin/index.php?route=common%2Fdashboard&user_token=2a2d661c145c48a8cecb45233c14387b,325,0,0
1718115324306,325,Dashbord,200,OK,Thread Group 1-3,text,true,,5161,592,10,10,https://demo.opencart.com/admin/index.php?route=common%2Fdashboard&user_token=2a2d661c145c48a8cecb45233c14387b,325,0,0
1718115324513,356,Dashbord,200,OK,Thread Group 1-6,text,true,,5166,547,10,10,https://demo.opencart.com/admin/index.php?route=common%2Fdashboard&user_token=2a2d661c145c48a8cecb45233c14387b,356,0,27
1718115324712,333,Dashbord,200,OK,Thread Group 1-8,text,true,,5161,592,10,10,https://demo.opencart.com/admin/index.php?route=common%2Fdashboard&user_token=2a2d661c145c48a8cecb45233c14387b,332,0,0
1718115325200,413,Dashbord,200,OK,Thread Group 1-9,text,true,,5161,547,10,10,https://demo.opencart.com/admin/index.php?route=common%2Fdashboard&user_token=2a2d661c145c48a8cecb45233c14387b,413,0,24
1718115353916,344,Catagory,200,OK,Thread Group 1-10,text,true,,5161,592,10,10,https://demo.opencart.com/admin/index.php?route=catalog%2Fcategory&user_token=2a2d661c145c48a8cecb45233c14387b,343,0,0
1718115353932,335,Catagory,200,OK,Thread Group 1-4,text,true,,5161,592,10,10,https://demo.opencart.com/admin/index.php?route=catalog%2Fcategory&user_token=2a2d661c145c48a8cecb45233c14387b,334,0,0
1718115353978,335,Catagory,200,OK,Thread Group 1-1,text,true,,5161,592,10,10,https://demo.opencart.com/admin/index.php?route=catalog%2Fcategory&user_token=2a2d661c145c48a8cecb45233c14387b,335,0,0
1718115354239,343,Catagory,200,OK,Thread Group 1-2,text,true,,5166,592,10,10,https://demo.opencart.com/admin/index.php?route=catalog%2Fcategory&user_token=2a2d661c145c48a8cecb45233c14387b,343,0,0
1718115354238,349,Catagory,200,OK,Thread Group 1-5,text,true,,5161,592,10,10,https://demo.opencart.com/admin/index.php?route=catalog%2Fcategory&user_token=2a2d661c145c48a8cecb45233c14387b,349,0,0
1718115354561,334,Catagory,200,OK,Thread Group 1-7,text,true,,5161,592,10,10,https://demo.opencart.com/admin/index.php?route=catalog%2Fcategory&user_token=2a2d661c145c48a8cecb45233c14387b,333,0,0
1718115355204,321,Catagory,200,OK,Thread Group 1-3,text,true,,5161,592,10,10,https://demo.opencart.com/admin/index.php?route=catalog%2Fcategory&user_token=2a2d661c145c48a8cecb45233c14387b,321,0,0
1718115355443,372,Catagory,200,OK,Thread Group 1-6,text,true,,5161,592,10,10,https://demo.opencart.com/admin/index.php?route=catalog%2Fcategory&user_token=2a2d661c145c48a8cecb45233c14387b,372,0,0
1718115355618,401,Catagory,200,OK,Thread Group 1-8,text,true,,5161,592,10,10,https://demo.opencart.com/admin/index.php?route=catalog%2Fcategory&user_token=2a2d661c145c48a8cecb45233c14387b,401,0,0
1718115356190,342,Catagory,200,OK,Thread Group 1-9,text,true,,5161,592,10,10,https://demo.opencart.com/admin/index.php?route=catalog%2Fcategory&user_token=2a2d661c145c48a8cecb45233c14387b,341,0,0
1718115405372,351,DesignLayout,200,OK,Thread Group 1-4,text,true,,5163,589,10,10,https://demo.opencart.com/admin/index.php?route=design%2Flayout&user_token=2a2d661c145c48a8cecb45233c14387b,351,0,24
1718115405368,356,DesignLayout,200,OK,Thread Group 1-10,text,true,,5158,589,10,10,https://demo.opencart.com/admin/index.php?route=design%2Flayout&user_token=2a2d661c145c48a8cecb45233c14387b,355,0,28
1718115309889,1330,Test,200,"Number of samples in transaction : 4, number of failing samples : 0",Thread Group 1-4,,true,,20397,2242,10,10,null,1327,94505,24
1718115309869,1342,Test,200,"Number of samples in transaction : 4, number of failing samples : 0",Thread Group 1-10,,true,,20392,2242,10,10,null,1338,94513,28
1718115405418,362,DesignLayout,200,OK,Thread Group 1-1,text,true,,5158,589,10,10,https://demo.opencart.com/admin/index.php?route=design%2Flayout&user_token=2a2d661c145c48a8cecb45233c14387b,362,0,34
1718115309943,1335,Test,200,"Number of samples in transaction : 4, number of failing samples : 0",Thread Group 1-1,,true,,20387,2242,10,10,null,1334,94503,34
1718115405687,359,DesignLayout,200,OK,Thread Group 1-2,text,true,,5158,589,10,10,https://demo.opencart.com/admin/index.php?route=design%2Flayout&user_token=2a2d661c145c48a8cecb45233c14387b,358,0,31
1718115310175,1367,Test,200,"Number of samples in transaction : 4, number of failing samples : 0",Thread Group 1-2,,true,,20392,2242,10,10,null,1364,94504,31
1718115405693,376,DesignLayout,200,OK,Thread Group 1-5,text,true,,5163,589,10,10,https://demo.opencart.com/admin/index.php?route=design%2Flayout&user_token=2a2d661c145c48a8cecb45233c14387b,376,0,32
1718115405726,342,AdminLogin,200,OK,Thread Group 1-10,text,true,,4912,469,10,10,https://demo.opencart.com/admin/,342,0,0
1718115310175,1387,Test,200,"Number of samples in transaction : 4, number of failing samples : 0",Thread Group 1-5,,true,,20392,2242,10,10,null,1386,94507,32
1718115405726,342,AdminLogin,200,OK,Thread Group 1-4,text,true,,4907,469,10,10,https://demo.opencart.com/admin/,342,0,0
1718115405783,322,AdminLogin,200,OK,Thread Group 1-1,text,true,,4907,469,10,10,https://demo.opencart.com/admin/,322,0,0
1718115405999,506,DesignLayout,200,OK,Thread Group 1-7,text,true,,5163,589,10,10,https://demo.opencart.com/admin/index.php?route=design%2Flayout&user_token=2a2d661c145c48a8cecb45233c14387b,506,0,25
1718115406071,434,AdminLogin,200,OK,Thread Group 1-5,text,true,,4907,469,10,10,https://demo.opencart.com/admin/,434,0,0
1718115406048,457,AdminLogin,200,OK,Thread Group 1-2,text,true,,4907,469,10,10,https://demo.opencart.com/admin/,457,0,0
1718115310519,1485,Test,200,"Number of samples in transaction : 4, number of failing samples : 0",Thread Group 1-7,,true,,20392,2242,10,10,null,1483,94501,25
1718115406507,407,AdminLogin,200,OK,Thread Group 1-7,text,true,,4907,469,10,10,https://demo.opencart.com/admin/,407,0,0
1718115406630,336,DesignLayout,200,OK,Thread Group 1-3,text,true,,5158,589,10,10,https://demo.opencart.com/admin/index.php?route=design%2Flayout&user_token=2a2d661c145c48a8cecb45233c14387b,336,0,22
1718115311084,1376,Test,200,"Number of samples in transaction : 4, number of failing samples : 0",Thread Group 1-3,,true,,20387,2242,10,10,null,1376,94506,22
1718115407123,37,DesignLayout,429,Too Many Requests,Thread Group 1-8,text,false,,18606,589,10,10,https://demo.opencart.com/admin/index.php?route=design%2Flayout&user_token=2a2d661c145c48a8cecb45233c14387b,36,0,19
1718115311489,1166,Test,,"Number of samples in transaction : 4, number of failing samples : 1",Thread Group 1-8,,false,,33835,2242,10,10,null,1163,94505,19
1718115407162,31,AdminLogin,429,Too Many Requests,Thread Group 1-8,text,false,,18024,469,10,10,https://demo.opencart.com/admin/,29,0,18
1718115406920,345,DesignLayout,200,OK,Thread Group 1-6,text,true,,5158,589,10,10,https://demo.opencart.com/admin/index.php?route=design%2Flayout&user_token=2a2d661c145c48a8cecb45233c14387b,345,0,24
1718115311620,1137,Test,,"Number of samples in transaction : 4, number of failing samples : 1",Thread Group 1-6,,false,,33489,2197,10,10,null,1133,94509,95
1718115407267,31,AdminLogin,429,Too Many Requests,Thread Group 1-6,text,false,,17193,469,10,10,https://demo.opencart.com/admin/,18,0,0
1718115406968,558,AdminLogin,200,OK,Thread Group 1-3,text,true,,4907,469,10,10,https://demo.opencart.com/admin/,327,0,0
1718115407638,298,DesignLayout,429,Too Many Requests,Thread Group 1-9,text,false,,18606,589,10,10,https://demo.opencart.com/admin/index.php?route=design%2Flayout&user_token=2a2d661c145c48a8cecb45233c14387b,44,0,19
1718115312343,1087,Test,,"Number of samples in transaction : 4, number of failing samples : 2",Thread Group 1-9,,false,,46953,2197,10,10,null,831,94507,65
1718115407938,47,AdminLogin,429,Too Many Requests,Thread Group 1-9,text,false,,18047,469,10,10,https://demo.opencart.com/admin/,44,0,20
1718115418894,409,Dashbord,200,OK,Thread Group 1-10,text,true,,5161,592,10,10,https://demo.opencart.com/admin/index.php?route=common%2Fdashboard&user_token=2a2d661c145c48a8cecb45233c14387b,409,0,0
1718115418894,409,Dashbord,200,OK,Thread Group 1-4,text,true,,5161,592,10,10,https://demo.opencart.com/admin/index.php?route=common%2Fdashboard&user_token=2a2d661c145c48a8cecb45233c14387b,409,0,0
1718115418929,612,Dashbord,200,OK,Thread Group 1-1,text,true,,5161,592,10,10,https://demo.opencart.com/admin/index.php?route=common%2Fdashboard&user_token=2a2d661c145c48a8cecb45233c14387b,383,0,0
1718115419329,321,Dashbord,200,OK,Thread Group 1-5,text,true,,5161,592,10,10,https://demo.opencart.com/admin/index.php?route=common%2Fdashboard&user_token=2a2d661c145c48a8cecb45233c14387b,321,0,0
1718115419329,325,Dashbord,200,OK,Thread Group 1-2,text,true,,5166,592,10,10,https://demo.opencart.com/admin/index.php?route=common%2Fdashboard&user_token=2a2d661c145c48a8cecb45233c14387b,325,0,0
1718115419739,332,Dashbord,200,OK,Thread Group 1-7,text,true,,5161,592,10,10,https://demo.opencart.com/admin/index.php?route=common%2Fdashboard&user_token=2a2d661c145c48a8cecb45233c14387b,332,0,0
1718115420017,332,Dashbord,200,OK,Thread Group 1-8,text,true,,5161,547,10,10,https://demo.opencart.com/admin/index.php?route=common%2Fdashboard&user_token=2a2d661c145c48a8cecb45233c14387b,332,0,18
1718115420122,335,Dashbord,200,OK,Thread Group 1-6,text,true,,5166,547,10,10,https://demo.opencart.com/admin/index.php?route=common%2Fdashboard&user_token=2a2d661c145c48a8cecb45233c14387b,335,0,18
1718115420351,317,Dashbord,200,OK,Thread Group 1-3,text,true,,5161,592,10,10,https://demo.opencart.com/admin/index.php?route=common%2Fdashboard&user_token=2a2d661c145c48a8cecb45233c14387b,317,0,0
1718115420808,335,Dashbord,200,OK,Thread Group 1-9,text,true,,5161,547,10,10,https://demo.opencart.com/admin/index.php?route=common%2Fdashboard&user_token=2a2d661c145c48a8cecb45233c14387b,335,0,17
1718115449875,335,Catagory,200,OK,Thread Group 1-4,text,true,,5161,592,10,10,https://demo.opencart.com/admin/index.php?route=catalog%2Fcategory&user_token=2a2d661c145c48a8cecb45233c14387b,335,0,0
1718115449875,338,Catagory,200,OK,Thread Group 1-10,text,true,,5161,592,10,10,https://demo.opencart.com/admin/index.php?route=catalog%2Fcategory&user_token=2a2d661c145c48a8cecb45233c14387b,337,0,0
1718115450114,339,Catagory,200,OK,Thread Group 1-1,text,true,,5161,592,10,10,https://demo.opencart.com/admin/index.php?route=catalog%2Fcategory&user_token=2a2d661c145c48a8cecb45233c14387b,339,0,0
1718115450222,323,Catagory,200,OK,Thread Group 1-5,text,true,,5161,592,10,10,https://demo.opencart.com/admin/index.php?route=catalog%2Fcategory&user_token=2a2d661c145c48a8cecb45233c14387b,323,0,0
1718115450226,326,Catagory,200,OK,Thread Group 1-2,text,true,,5161,592,10,10,https://demo.opencart.com/admin/index.php?route=catalog%2Fcategory&user_token=2a2d661c145c48a8cecb45233c14387b,326,0,0
1718115450644,325,Catagory,200,OK,Thread Group 1-7,text,true,,5161,592,10,10,https://demo.opencart.com/admin/index.php?route=catalog%2Fcategory&user_token=2a2d661c145c48a8cecb45233c14387b,325,0,0
1718115450920,323,Catagory,200,OK,Thread Group 1-8,text,true,,5166,592,10,10,https://demo.opencart.com/admin/index.php?route=catalog%2Fcategory&user_token=2a2d661c145c48a8cecb45233c14387b,322,0,0
1718115451029,318,Catagory,200,OK,Thread Group 1-6,text,true,,5161,592,10,10,https://demo.opencart.com/admin/index.php?route=catalog%2Fcategory&user_token=2a2d661c145c48a8cecb45233c14387b,318,0,0
1718115451243,326,Catagory,200,OK,Thread Group 1-3,text,true,,5161,592,10,10,https://demo.opencart.com/admin/index.php?route=catalog%2Fcategory&user_token=2a2d661c145c48a8cecb45233c14387b,326,0,0
1718115451717,355,Catagory,200,OK,Thread Group 1-9,text,true,,5166,592,10,10,https://demo.opencart.com/admin/index.php?route=catalog%2Fcategory&user_token=2a2d661c145c48a8cecb45233c14387b,354,0,0
1718115501321,347,DesignLayout,200,OK,Thread Group 1-4,text,true,,5163,589,10,10,https://demo.opencart.com/admin/index.php?route=design%2Flayout&user_token=2a2d661c145c48a8cecb45233c14387b,347,0,19
1718115501318,350,DesignLayout,200,OK,Thread Group 1-10,text,true,,5158,589,10,10,https://demo.opencart.com/admin/index.php?route=design%2Flayout&user_token=2a2d661c145c48a8cecb45233c14387b,350,0,21
1718115405725,1433,Test,200,"Number of samples in transaction : 4, number of failing samples : 0",Thread Group 1-4,,true,,20392,2242,10,10,null,1433,94513,19
1718115405725,1439,Test,200,"Number of samples in transaction : 4, number of failing samples : 0",Thread Group 1-10,,true,,20392,2242,10,10,null,1438,94507,21
1718115501556,384,DesignLayout,200,OK,Thread Group 1-1,text,true,,5158,589,8,8,https://demo.opencart.com/admin/index.php?route=design%2Flayout&user_token=2a2d661c145c48a8cecb45233c14387b,383,0,33
1718115405782,1657,Test,200,"Number of samples in transaction : 4, number of failing samples : 0",Thread Group 1-1,,true,,20387,2242,8,8,null,1427,94503,33
1718115501656,341,DesignLayout,200,OK,Thread Group 1-2,text,true,,5158,589,7,7,https://demo.opencart.com/admin/index.php?route=design%2Flayout&user_token=2a2d661c145c48a8cecb45233c14387b,340,0,16
1718115501650,347,DesignLayout,200,OK,Thread Group 1-5,text,true,,5158,589,7,7,https://demo.opencart.com/admin/index.php?route=design%2Flayout&user_token=2a2d661c145c48a8cecb45233c14387b,346,0,19
1718115406047,1449,Test,200,"Number of samples in transaction : 4, number of failing samples : 0",Thread Group 1-2,,true,,20392,2242,7,7,null,1448,94503,16
1718115406070,1425,Test,200,"Number of samples in transaction : 4, number of failing samples : 0",Thread Group 1-5,,true,,20387,2242,7,7,null,1424,94504,19
1718115502073,337,DesignLayout,200,OK,Thread Group 1-7,text,true,,5163,589,5,5,https://demo.opencart.com/admin/index.php?route=design%2Flayout&user_token=2a2d661c145c48a8cecb45233c14387b,336,0,16
1718115406507,1401,Test,200,"Number of samples in transaction : 4, number of failing samples : 0",Thread Group 1-7,,true,,20392,2242,5,5,null,1400,94504,16
1718115502346,341,DesignLayout,200,OK,Thread Group 1-8,text,true,,5158,589,4,4,https://demo.opencart.com/admin/index.php?route=design%2Flayout&user_token=2a2d661c145c48a8cecb45233c14387b,341,0,20
1718115407161,1027,Test,,"Number of samples in transaction : 4, number of failing samples : 1",Thread Group 1-8,,false,,33509,2197,4,4,null,1024,94501,56
1718115502451,341,DesignLayout,200,OK,Thread Group 1-6,text,true,,5158,589,3,3,https://demo.opencart.com/admin/index.php?route=design%2Flayout&user_token=2a2d661c145c48a8cecb45233c14387b,341,0,18
1718115407266,1025,Test,,"Number of samples in transaction : 4, number of failing samples : 1",Thread Group 1-6,,false,,32678,2197,3,3,null,1012,94503,36
1718115502672,359,DesignLayout,200,OK,Thread Group 1-3,text,true,,5158,589,2,2,https://demo.opencart.com/admin/index.php?route=design%2Flayout&user_token=2a2d661c145c48a8cecb45233c14387b,346,0,22
1718115406967,1560,Test,200,"Number of samples in transaction : 4, number of failing samples : 0",Thread Group 1-3,,true,,20387,2242,2,2,null,1316,94506,22
1718115503176,402,DesignLayout,200,OK,Thread Group 1-9,text,true,,5158,589,1,1,https://demo.opencart.com/admin/index.php?route=design%2Flayout&user_token=2a2d661c145c48a8cecb45233c14387b,402,0,17
1718115407937,1139,Test,,"Number of samples in transaction : 4, number of failing samples : 1",Thread Group 1-9,,false,,33532,2197,1,1,null,1135,94504,54
